"Ejercicio","Grupo Muscular","Equipamiento","Nivel","Descripción","Record"
"Press de banca con barra","Pectorales","Barras","Intermedio","Acostado en banco plano, baja barra al pecho y extiende brazos verticalmente","Peso"
"Dominadas","Dorsales","Peso corporal","Intermedio","Cuelga de barra con palmas hacia adelante, eleva cuerpo hasta barbilla supere la barra","Repeticiones"
"Press militar","Hombros","Barras","Intermedio","De pie o sentado, eleva barra desde hombros hasta extender brazos sobre cabeza","Peso"
"Curl de bíceps con barra","Bíceps","Barras","Principiante","De pie, sujeta barra con palmas arriba, flexiona codos llevando barra hacia hombros","Peso"
"Fondos en paralelas","Tríceps","Peso corporal","Intermedio","Sujeta barras paralelas, baja cuerpo flexionando codos hasta 90° y sube","Repeticiones"
"Curl de muñeca","Antebrazos","Mancuernas","Principiante","Sentado con antebrazo sobre muslo, flexiona muñeca hacia arriba con mancuerna","Peso"
"Sentadillas con barra","Cuádriceps","Barras","Intermedio","Barra sobre espalda, flexiona rodillas bajando hasta muslos paralelos al suelo","Peso"
"Peso muerto rumano","Isquiotibiales","Barras","Avanzado","Barra frente a muslos, flexiona cadera manteniendo piernas rectas, baja hasta pantorrillas","Peso"
"Hip thrust","Glúteos","Barras","Intermedio","Espalda en banco, barra sobre cadera, eleva cadera hasta alinear con hombros-rodillas","Peso"
"Elevaciones de talón de pie","Gemelos","Máquina","Principiante","Apoya hombros en almohadilla, eleva talones presionando con metatarsos","Peso"
"Press de pantorrilla sentado","Soleos","Máquina","Principiante","Sentado con rodillas flexionadas, eleva talones manteniendo muslos fijos","Peso"
"Crunch","Abdominales","Peso corporal","Principiante","Acostado boca arriba, eleva torso contrayendo abdominales sin despegar lumbares","Repeticiones"
"Plancha","Core","Peso corporal","Principiante","Apoyado en antebrazos y puntas de pies, cuerpo recto desde hombros a tobillos","Tiempo"
"Burpees","Cuerpo Completo","Peso corporal","Intermedio","De pie, baja a plancha, haz flexión, salta pies hacia manos y salta vertical","Repeticiones"
"Carrera en cinta","Cuádriceps","Cintas","Principiante","Corre a ritmo constante manteniendo postura erguida","Tiempo"
"Press inclinado con mancuernas","Pectorales","Mancuernas","Intermedio","Banco inclinado, baja mancuernas a lados del pecho y empuja hacia arriba","Peso"
"Jalón al pecho","Dorsales","Cable","Principiante","Sentado, tira barra hacia pecho manteniendo espalda recta y codos atrás","Peso"
"Elevaciones laterales","Hombros","Mancuernas","Intermedio","De pie, levanta mancuernas a los lados hasta altura de hombros","Peso"
"Curl martillo","Bíceps","Mancuernas","Principiante","De pie, levanta mancuernas con palmas enfrentadas flexionando codos","Peso"
"Extensiones de tríceps en polea","Tríceps","Cable","Principiante","De pie, empuja barra hacia abajo extendiendo codos pegados al cuerpo","Peso"
"Farmer's walk","Antebrazos","Mancuernas","Intermedio","Sujeta mancuernas pesadas, camina erguido con core tenso","Distancia"
"Prensa de piernas","Cuádriceps","Máquina","Principiante","Sentado, empuja plataforma con pies separados extendiendo rodillas","Peso"
"Curl femoral","Isquiotibiales","Máquina","Principiante","Boca abajo, flexiona rodillas llevando tobillos hacia glúteos","Peso"
"Sentadilla búlgara","Glúteos","Mancuernas","Intermedio","Pie en banco trasero, baja rodilla trasera hacia suelo con torso erguido","Peso"
"Elevaciones de talón en prensa","Gemelos","Máquina","Intermedio","En prensa, empuja con metatarsos extendiendo tobillos","Peso"
"Russian twist","Abdominales","Peso corporal","Intermedio","Sentado con torso inclinado, gira tronco tocando suelo alternativamente","Repeticiones"
"Mountain climbers","Core","Peso corporal","Principiante","En plancha, lleva rodillas alternativamente hacia pecho rápidamente","Tiempo"
"Remo con barra","Dorsales","Barras","Intermedio","Flexiona cadera con espalda recta, tira barra hacia abdomen acercando escápulas","Peso"
"Press de hombros con mancuernas","Hombros","Mancuernas","Intermedio","Sentado, eleva mancuernas desde hombros hasta extender brazos","Peso"
"Flexiones","Pectorales","Peso corporal","Principiante","Manos separadas, baja pecho al suelo flexionando codos y vuelve","Repeticiones"
"Curl concentrado","Bíceps","Mancuernas","Principiante","Sentado, apoya codo en muslo, flexiona brazo llevando mancuerna a hombro","Peso"
"Fondos en banco","Tríceps","Peso corporal","Principiante","Manos en banco trasero, pies apoyados, flexiona codos bajando cadera","Repeticiones"
"Remo invertido","Dorsales","TRX","Intermedio","Sujeta asas TRX, tira del pecho hacia las manos con cuerpo recto","Repeticiones"
"Zancadas con mancuernas","Cuádriceps","Mancuernas","Principiante","Da paso adelante, baja rodilla trasera casi al suelo y vuelve","Peso"
"Peso muerto sumo","Isquiotibiales","Barras","Avanzado","Piernas abiertas, manos dentro rodillas, levanta barra extendiendo caderas","Peso"
"Sentadilla copa","Glúteos","Kettlebells","Principiante","Sujeta kettlebell al pecho, realiza sentadilla profunda con codos altos","Peso"
"Elevaciones de talón sentado","Soleos","Máquina","Principiante","Sentado con rodillas flexionadas, eleva talones presionando metatarsos","Peso"
"Plancha lateral","Core","Peso corporal","Intermedio","Apoyado en un antebrazo, mantén cuerpo en línea recta lateral","Tiempo"
"Ski-erg","Cuerpo Completo","Remos y Ski-ergs","Intermedio","Tira de cuerdas hacia abajo extendiendo cadera y rodillas","Tiempo"
"Aperturas en banco plano","Pectorales","Mancuernas","Intermedio","Acostado, baja mancuernas en arco hasta nivel del pecho","Peso"
"Face pull","Hombros","Cable","Intermedio","Con cuerda en polea alta, tira hacia cara separando manos","Peso"
"Curl 21","Bíceps","Barras","Intermedio","7 repeticiones mitad inferior, 7 mitad superior, 7 completas","Peso"
"Patada de tríceps","Tríceps","Mancuernas","Principiante","Inclinado, extiende codo hacia atrás con antebrazo paralelo al suelo","Peso"
"Sentadilla frontal","Cuádriceps","Barras","Avanzado","Barra sobre hombros frontales, realiza sentadilla con torso vertical","Peso"
"Buenos días","Isquiotibiales","Barras","Avanzado","Barra sobre espalda, flexiona cadera bajando torso hasta paralelo","Peso"
"Patada de glúteo en cuadrupedia","Glúteos","Peso corporal","Principiante","Apoyado en manos y rodillas, extiende pierna hacia atrás elevando talón","Repeticiones"
"Crunch inverso","Abdominales","Peso corporal","Principiante","Acostado, eleva rodillas hacia pecho despegando glúteos del suelo","Repeticiones"
"Bird dog","Core","Peso corporal","Principiante","En cuadrupedia, extiende brazo derecho y pierna izquierda simultáneamente","Repeticiones"
"Remo en máquina","Dorsales","Máquina","Principiante","Sentado, tira de agarre hacia abdomen comprimiendo escápulas","Peso"
"Cable crossover","Pectorales","Cable","Intermedio","Poleas altas, junta manos frente al cuerpo con ligera flexión de codos","Peso"
"Arnold press","Hombros","Mancuernas","Avanzado","Sentado, comienza con palmas hacia ti, gira al subir hasta palmas adelante","Peso"
"Curl en predicador","Bíceps","Máquina","Principiante","Apoya brazos en almohadilla, flexiona codos contra resistencia","Peso"
"Extensiones sobre cabeza","Tríceps","Mancuernas","Principiante","De pie, eleva mancuerna con ambas manos, flexiona codos bajando tras nuca","Peso"
"Roller de antebrazo","Antebrazos","Foam rollers","Principiante","Rueda foam roller con antebrazos para fortalecer músculos","Tiempo"
"Leg extension","Cuádriceps","Máquina","Principiante","Sentado, extiende rodillas elevando almohadilla con tobillos","Peso"
"Nordic ham curl","Isquiotibiales","Peso corporal","Avanzado","Arrodillado, fija pies, baja torso hacia adelante controlando con isquios","Repeticiones"
"Sentadilla con salto","Glúteos","Peso corporal","Intermedio","Realiza sentadilla y salta explosivamente al subir","Repeticiones"
"Elevaciones de talón sentado con disco","Soleos","Discos","Principiante","Sentado, coloca disco sobre rodillas, eleva talones","Peso"
"V-ups","Abdominales","Peso corporal","Intermedio","Acostado, eleva torso y piernas simultáneamente tocando manos-pies","Repeticiones"
"Ab wheel","Core","Rodillos abdominales","Intermedio","Arrodillado, rueda hacia adelante extendiendo cuerpo y vuelve contrayendo abdomen","Repeticiones"
"Remo en barra T","Dorsales","Máquina","Intermedio","Apoya pecho en soporte, tira de agarre hacia el pecho","Peso"
"Pike push-up","Hombros","Peso corporal","Intermedio","En V invertida, flexiona codos bajando cabeza hacia suelo","Repeticiones"
"Flexiones diamante","Tríceps","Peso corporal","Intermedio","Manos juntas formando diamante, flexiona codos bajando pecho","Repeticiones"
"Paseo del cangrejo","Core","Peso corporal","Principiante","Sentado con manos atrás, eleva cadera y camina hacia adelante/atrás","Tiempo"
"Step-ups","Cuádriceps","Cajones","Principiante","Sube y baja de cajón alternando piernas manteniendo torso erguido","Repeticiones"
"Good mornings","Isquiotibiales","Barras","Avanzado","Barra sobre hombros, flexiona cadera manteniendo espalda recta","Peso"
"Glute bridge","Glúteos","Peso corporal","Principiante","Acostado boca arriba, eleva cadera contrayendo glúteos","Repeticiones"
"Toes to bar","Abdominales","Barras","Avanzado","Colgado de barra, eleva piernas rectas tocando pies a la barra","Repeticiones"
"Paloff press","Core","Bandas elásticas","Intermedio","De pie lateral a punto de anclaje, empuja banda frente a pecho manteniendo torso estable","Repeticiones"
"Remo con mancuerna a una mano","Dorsales","Mancuernas","Principiante","Apoya mano en banco, tira mancuerna hacia cadera con codo alto","Peso"
"L-sit","Core","Barras","Avanzado","Sujeta barras paralelas, eleva piernas rectas hasta formar ángulo 90° con torso","Tiempo"
"Curl de bíceps con banda","Bíceps","Bandas elásticas","Principiante","Pisa banda con pies, flexiona codos llevando manos hacia hombros","Repeticiones"
"Press francés","Tríceps","Barras","Intermedio","Acostado, baja barra desde brazos verticales flexionando codos hacia frente","Peso"
"Wrist roller","Antebrazos","Rodillos abdominales","Principiante","Gira manivela enrollando cuerda con peso usando flexión de muñecas","Tiempo"
"Sissy squat","Cuádriceps","Peso corporal","Avanzado","De pie, inclina torso atrás mientras flexiona rodillas y levanta talones","Repeticiones"
"Kettlebell swing","Glúteos","Kettlebells","Intermedio","Flexiona cadera, impulsa kettlebell hacia adelante con extensión explosiva","Repeticiones"
"Calf raise en escalón","Gemelos","Peso corporal","Principiante","Punta de pies en escalón, sube y baja talones con control","Repeticiones"
"Dragon flag","Abdominales","Peso corporal","Avanzado","Acostado, sujeta soporte tras cabeza, eleva cuerpo recto manteniendo solo hombros apoyados","Repeticiones"
"Dead bug","Core","Peso corporal","Principiante","Acostado boca arriba, alterna extensión brazo/pierna contraria sin arquear lumbar","Repeticiones"
"Pull-over con mancuerna","Dorsales","Mancuernas","Intermedio","Acostado en banco, baja mancuerna tras cabeza extendiendo brazos","Peso"
"Upright row","Hombros","Barras","Intermedio","Sujeta barra con agarre estrecho, eleva hasta altura de mentón con codos altos","Peso"
"Flexiones con aplauso","Pectorales","Peso corporal","Avanzado","Realiza flexión explosiva despegando manos para aplaudir antes de caer","Repeticiones"
"Zottman curl","Bíceps","Mancuernas","Intermedio","Sube con palmas arriba, gira muñecas al bajar para descender con palmas abajo","Peso"
"Extensiones en polea alta","Tríceps","Cable","Principiante","Con cuerda, empuja hacia abajo separando manos al final del movimiento","Peso"
"Pinch grip","Antebrazos","Discos","Principiante","Sujeta dos discos lisos con una mano manteniéndolos unidos","Tiempo"
"Hack squat","Cuádriceps","Máquina","Intermedio","Espalda contra respaldo, empuja plataforma con hombros bajo almohadillas","Peso"
"Hyperextensiones","Isquiotibiales","Máquina","Principiante","Apoya caderas en almohadilla, baja torso y sube contrayendo espalda baja/glúteos","Repeticiones"
"Kickback de glúteos en máquina","Glúteos","Máquina","Principiante","Apoya torso en soporte, empuja almohadilla con pierna extendida hacia atrás","Peso"
"Bicicleta estática","Cuádriceps","Bicis","Principiante","Pedalea a ritmo constante ajustando resistencia","Tiempo"
"Elíptica","Cuádriceps","Elípticas","Principiante","Simula caminata sin impacto, empuja pedales con manos y pies coordinados","Tiempo"
"Remo ergómetro","Dorsales","Remos y Ski-ergs","Intermedio","Tira de manija extendiendo piernas y llevando manos al pecho","Tiempo"
"Flexiones declinadas","Pectorales","Peso corporal","Intermedio","Pies elevados en banco, manos en suelo, flexiona codos bajando pecho","Repeticiones"
"Pallof press con rotación","Core","Bandas elásticas","Avanzado","Presiona banda frente a pecho, gira torso hacia un lado manteniendo cadera fija","Repeticiones"
"Press de banca cerrado","Tríceps","Barras","Intermedio","Agarre estrecho en barra, baja al esternón manteniendo codos pegados al cuerpo","Peso"
"Curl inverso","Antebrazos","Barras","Principiante","Agarre prono, flexiona codos llevando barra hacia hombros","Peso"
"Pistol squat","Cuádriceps","Peso corporal","Avanzado","De pie, extiende una pierna y realiza sentadilla profunda con la otra","Repeticiones"
"Stiff-legged deadlift","Isquiotibiales","Barras","Avanzado","Piernas casi rectas, flexiona cadera bajando barra manteniendo espalda neutra","Peso"
"Fire hydrant","Glúteos","Peso corporal","Principiante","En cuadrupedia, eleva rodilla lateralmente manteniendo ángulo 90°","Repeticiones"
"Jump rope","Gemelos","Peso corporal","Principiante","Salta cuerda manteniendo tobillos activos y rodillas ligeramente flexionadas","Tiempo"
"Cable crunch","Abdominales","Cable","Principiante","Arrodillado frente a polea alta, contrae abdomen llevando codos a muslos","Peso"
"Windshield wipers","Core","Barras","Avanzado","Colgado de barra, gira piernas extendidas de lado a lado como limpiaparabrisas","Repeticiones"
"Thruster","Cuerpo Completo","Mancuernas","Intermedio","Desde sentadilla, sube explosivamente empujando mancuernas sobre cabeza","Peso"
"Chest press máquina","Pectorales","Máquina","Principiante","Sentado, empuja agarres hacia adelante extendiendo brazos","Peso"
"Pull-ups pronos","Dorsales","Peso corporal","Intermedio","Agarre prono (palmas hacia ti), eleva cuerpo hasta barbilla sobre barra","Repeticiones"
"Lateral raise en máquina","Hombros","Máquina","Principiante","Sentado, empuja almohadillas lateralmente con codos flexionados","Peso"
"Curl con banda en pie","Bíceps","Bandas elásticas","Principiante","Pisa banda, flexiona codos llevando manos hacia hombros contra resistencia","Repeticiones"
"Overhead triceps extension","Tríceps","Mancuernas","Principiante","De pie, sujeta mancuerna con ambas manos, extiende brazos sobre cabeza","Peso"
"Towel hang","Antebrazos","Peso corporal","Principiante","Cuelga de barra con toalla enrollada, mantén agarre","Tiempo"
"Sled push","Cuádriceps","Peso corporal","Intermedio","Empuja trineo cargado con manos en estructura, camina rápido","Distancia"
"GHR (Glute Ham Raise)","Isquiotibiales","Máquina","Avanzado","Fija pies, baja torso flexionando rodillas y sube contrayendo isquios","Repeticiones"
"Clamshell","Glúteos","Bandas elásticas","Principiante","Acostado de lado, abre rodillas contra banda manteniendo pies juntos","Repeticiones"
"Calf press","Gemelos","Máquina","Principiante","En prensa, empuja plataforma con puntas de pies extendiendo tobillos","Peso"
"Hanging leg raise","Abdominales","Barras","Intermedio","Colgado de barra, eleva rodillas al pecho manteniendo torso estable","Repeticiones"
"Stir the pot","Core","Fitball","Intermedio","En plancha con antebrazos sobre fitball, traza círculos pequeños con codos","Tiempo"
"Box jump","Cuerpo Completo","Cajones","Intermedio","Salta explosivamente sobre cajón, aterriza suavemente","Repeticiones"
"Incline dumbbell press","Pectorales","Mancuernas","Principiante","Banco inclinado, empuja mancuernas desde pecho hasta brazos extendidos","Peso"
"Seated cable row","Dorsales","Cable","Principiante","Sentado, tira de agarre hacia abdomen con espalda recta","Peso"
"Front raise","Hombros","Mancuernas","Principiante","De pie, levanta mancuernas al frente hasta altura de hombros","Peso"
"Spider curl","Bíceps","Barras","Intermedio","Apoya torso en banco inclinado, flexiona codos llevando barra hacia frente","Peso"
"Close grip bench press","Tríceps","Barras","Intermedio","Agarre estrecho en press de banca, baja barra al pecho inferior","Peso"
"Plate pinch","Antebrazos","Discos","Principiante","Sujeta dos discos por el borde con una mano, mantén","Tiempo"
"Walking lunges","Cuádriceps","Mancuernas","Principiante","Da zancadas hacia adelante alternando piernas bajando rodilla trasera","Peso"
"Romanian deadlift","Isquiotibiales","Mancuernas","Intermedio","Mancuernas frente a muslos, flexiona cadera bajándolas manteniendo espalda recta","Peso"
"Cable pull-through","Glúteos","Cable","Principiante","De espaldas a polea baja, pasa cable entre piernas y tira hacia adelante con cadera","Peso"
"Seated calf raise","Soleos","Máquina","Principiante","Sentado con rodillas flexionadas, eleva talones contra resistencia","Peso"
"Flutter kicks","Abdominales","Peso corporal","Principiante","Acostado boca arriba, alterna elevaciones pequeñas de piernas rectas","Tiempo"
"Superman","Core","Peso corporal","Principiante","Boca abajo, eleva simultáneamente brazos y piernas contrayendo espalda baja","Repeticiones"
"Battle ropes","Cuerpo Completo","Cuerdas","Intermedio","Agita cuerdas alternando brazos con movimiento de olas","Tiempo"
"Push-up plus","Pectorales","Peso corporal","Intermedio","Tras flexión, empuja escapulas hacia techo adicionalmente","Repeticiones"
"Lat pulldown","Dorsales","Cable","Principiante","Sentado, tira de barra hacia pecho arqueando ligeramente espalda","Peso"
"Cuban press","Hombros","Mancuernas","Avanzado","Eleva mancuernas rotando hombros en movimiento circular","Peso"
"Preacher curl","Bíceps","Máquina","Principiante","Brazos apoyados en almohadilla, flexiona codos contra resistencia","Peso"
"Skullcrusher","Tríceps","Mancuernas","Intermedio","Acostado, baja mancuernas flexionando codos hacia cabeza","Peso"
"Wrist flexion","Antebrazos","Mancuernas","Principiante","Antebrazo sobre muslo, flexiona muñeca hacia arriba con mancuerna","Peso"
"Leg press","Cuádriceps","Máquina","Principiante","Sentado, empuja plataforma con pies separados al ancho de hombros","Peso"
"Single leg deadlift","Isquiotibiales","Mancuernas","Intermedio","Sobre una pierna, flexiona cadera bajando torso paralelo al suelo","Peso"
"Donkey kick","Glúteos","Peso corporal","Principiante","En cuadrupedia, eleva pierna flexionada hacia techo contrayendo glúteo","Repeticiones"
"Standing calf raise","Gemelos","Máquina","Principiante","De pie bajo almohadillas, eleva talones presionando con metatarsos","Peso"
"Reverse crunch","Abdominales","Peso corporal","Principiante","Acostado, eleva caderas despegando glúteos usando abdomen inferior","Repeticiones"
"Side plank","Core","Peso corporal","Principiante","Apoyado en antebrazo y borde pie, mantén cuerpo alineado lateralmente","Tiempo"
"Kettlebell snatch","Cuerpo Completo","Kettlebells","Avanzado","Balancea kettlebell entre piernas y súbela extendiendo cuerpo en un movimiento","Repeticiones"
"Cable flyes","Pectorales","Cable","Intermedio","Poleas altas, junta manos frente a pecho con codos ligeramente flexionados","Peso"
"Straight arm pulldown","Dorsales","Cable","Principiante","Brazos rectos, tira barra hacia muslos usando dorsales","Peso"
"Shrugs","Hombros","Mancuernas","Principiante","De pie, eleva hombros hacia orejas con mancuernas en manos","Peso"
"Incline dumbbell curl","Bíceps","Mancuernas","Intermedio","Banco inclinado 45°, flexiona codos contra gravedad con control","Peso"
"Diamond push-up","Tríceps","Peso corporal","Intermedio","Manos juntas formando diamante, flexiona codos bajando pecho","Repeticiones"
"Plate curl","Antebrazos","Discos","Principiante","Sujeta disco por bordes, flexiona codo llevándolo hacia hombro","Peso"
"Squat jump","Cuádriceps","Peso corporal","Principiante","Sentadilla seguida de salto explosivo","Repeticiones"
"Swiss ball hamstring curl","Isquiotibiales","Fitball","Intermedio","Acostado boca arriba, talones sobre fitball, eleva cadera y flexiona rodillas","Repeticiones"
"Step mill","Glúteos","Máquina","Principiante","Sube escalones giratorios manteniendo postura erguida","Tiempo"
"Bottoms-up kettlebell press","Hombros","Kettlebells","Avanzado","Sujeta kettlebell invertida, presiónala sobre cabeza con control","Peso"
"Cable woodchop","Core","Cable","Intermedio","Tira de polea alta diagonalmente hacia rodilla opuesta rotando torso","Peso"
"Landmine press","Hombros","Barras","Intermedio","Barra en esquina, presiónala desde hombro hasta extensión de brazo","Peso"
"Zercher squat","Cuádriceps","Barras","Avanzado","Barra en pliegue codos, realiza sentadilla manteniendo torso vertical","Peso"
"Banded deadlift","Isquiotibiales","Bandas elásticas","Avanzado","Coloca bandas en barra, realiza peso muerto con resistencia adicional","Peso"
"Glute ham raise","Glúteos","Máquina","Avanzado","Fija tobillos, flexiona rodillas bajando torso y sube contrayendo glúteos/isquios","Repeticiones"
"Calf raise con barra","Gemelos","Barras","Principiante","Barra sobre espalda, eleva talones en borde de step","Peso"
"Dragon flag progression","Abdominales","Peso corporal","Intermedio","Acostado, sujeta soporte, eleva piernas y cadera despegando espalda","Repeticiones"
"Turkish get-up","Core","Kettlebells","Avanzado","Acostado, levanta kettlebell y ponte de pie en secuencia controlada","Repeticiones"
"Man makers","Cuerpo Completo","Mancuernas","Avanzado","Combina plancha, flexión, remo y press sobre cabeza en un movimiento","Peso"
"Cable chest press","Pectorales","Cable","Principiante","Poleas a altura media, empuja agarres hacia adelante","Peso"
"Chin-ups","Bíceps","Peso corporal","Intermedio","Agarre supino (palmas hacia ti), eleva cuerpo hasta barbilla sobre barra","Repeticiones"
"Tate press","Tríceps","Mancuernas","Intermedio","Acostado, baja mancuernas hacia pecho con codos separados","Peso"
"Sledgehammer swings","Antebrazos","Martillo","Intermedio","Golpea neumático con martillo alternando manos","Tiempo"
"Belt squat","Cuádriceps","Máquina","Avanzado","Sujeta peso en cinturón, realiza sentadilla con apoyo de manijas","Peso"
"Single leg glute bridge","Glúteos","Peso corporal","Principiante","Acostado, una pierna elevada, eleva cadera con la otra","Repeticiones"
"Seated leg curl","Isquiotibiales","Máquina","Principiante","Sentado, flexiona rodillas llevando almohadilla hacia glúteos","Peso"
"Box calf raise","Gemelos","Cajones","Principiante","Punta de pies en cajón, sube y baja talones con control","Repeticiones"
"Lying leg raise","Abdominales","Peso corporal","Principiante","Acostado, eleva piernas rectas a 90° y baja con control","Repeticiones"
"Pallof walk","Core","Bandas elásticas","Intermedio","Con banda a altura pecho, camina lateralmente manteniendo torso estable","Distancia"
"Sled drag","Cuádriceps","Peso corporal","Intermedio","Arnes en cintura, tira de trineo cargado caminando hacia atrás","Distancia"
"Kneeling overhead press","Hombros","Mancuernas","Intermedio","Arrodillado, presiona mancuernas sobre cabeza manteniendo core activo","Peso"
"Incline bicep curl","Bíceps","Mancuernas","Intermedio","Banco inclinado 45°, flexiona codos con mancuernas contra gravedad","Peso"
"JM press","Tríceps","Barras","Avanzado","Barra en press banca, baja hacia cuello flexionando codos hacia pies","Peso"
"Trap bar deadlift","Cuerpo Completo","Barras","Intermedio","Sujeta agarres laterales de barra trapecio, levántate extendiendo caderas","Peso"
"Cable bicep curl","Bíceps","Cable","Principiante","De pie frente a polea baja, flexiona codos llevando manos a hombros","Peso"
"Overhead squat","Cuádriceps","Barras","Avanzado","Barra sobre cabeza, realiza sentadilla profunda manteniendo brazos extendidos","Peso"
"Reverse hyperextension","Glúteos","Máquina","Principiante","Boca abajo, eleva piernas extendidas contrayendo glúteos","Repeticiones"
"Standing hamstring curl","Isquiotibiales","Máquina","Principiante","De pie, flexiona rodilla llevando tobillo hacia glúteo","Peso"
"Calf jump","Gemelos","Peso corporal","Principiante","Salta rápidamente usando solo movimiento de tobillos","Repeticiones"
"Scissor kicks","Abdominales","Peso corporal","Principiante","Acostado, alterna elevaciones de piernas rectas cruzadas","Tiempo"
"Bear crawl","Core","Peso corporal","Principiante","Desplázate en cuadrupedia manteniendo cadera baja y espalda plana","Distancia"
"Kettlebell clean","Cuerpo Completo","Kettlebells","Avanzado","Balancea kettlebell entre piernas y súbela a rack position en un movimiento","Repeticiones"
"Resistance band push-up","Pectorales","Bandas elásticas","Intermedio","Coloca banda sobre espalda bajo manos, realiza flexión con resistencia","Repeticiones"
"T-bar row","Dorsales","Máquina","Intermedio","Apoya pecho en soporte, tira de agarre en forma de T hacia pecho","Peso"
"Bent-over lateral raise","Hombros","Mancuernas","Intermedio","Flexiona cadera 90°, levanta mancuernas lateralmente","Peso"
"Drag curl","Bíceps","Barras","Intermedio","Barra cerca de muslos, flexiona codos deslizando barra por cuerpo hacia hombros","Peso"
"Dips machine","Tríceps","Máquina","Principiante","Empuja agarres hacia abajo extendiendo codos","Peso"
"Plate wrist curl","Antebrazos","Discos","Principiante","Sujeta disco con ambas manos, flexiona muñecas hacia arriba","Peso"
"Goblet squat","Cuádriceps","Kettlebells","Principiante","Sujeta kettlebell al pecho, realiza sentadilla profunda","Peso"
"Stability ball hamstring curl","Isquiotibiales","Fitball","Intermedio","Acostado boca arriba, talones sobre fitball, eleva cadera y lleva rodillas al pecho","Repeticiones"
"Cable glute kickback","Glúteos","Cable","Principiante","De pie frente a polea baja, extiende pierna hacia atrás contrayendo glúteo","Peso"
"Jumping calf raise","Gemelos","Peso corporal","Principiante","Elevación explosiva de talones con salto al final","Repeticiones"
"Hollow body hold","Abdominales","Peso corporal","Intermedio","Acostado boca arriba, eleva hombros y piernas manteniendo zona lumbar pegada","Tiempo"
"Plank with leg lift","Core","Peso corporal","Intermedio","En plancha, alterna elevación de piernas rectas","Tiempo"
"Rowing machine","Dorsales","Remos y Ski-ergs","Principiante","Tira de manija coordinando piernas, espalda y brazos","Tiempo"
"Plyo push-up","Pectorales","Peso corporal","Avanzado","Flexión explosiva despegando manos del suelo","Repeticiones"
"Lateral lunge","Cuádriceps","Peso corporal","Principiante","Da paso lateral, flexiona rodilla cargando peso sobre esa pierna","Repeticiones"
"Single leg press","Cuádriceps","Máquina","Intermedio","En prensa, empuja con una sola pierna manteniendo control","Peso"
"Bosu ball squat","Cuádriceps","Bosu","Intermedio","De pie sobre bosu (lado cúpula), realiza sentadilla manteniendo equilibrio","Repeticiones"
"Reverse crunch on bench","Abdominales","Bancos","Principiante","Acostado en banco, sujeta borde, eleva rodillas al pecho despegando cadera","Repeticiones"
"Stability ball plank","Core","Fitball","Principiante","Antebrazos sobre fitball, mantén cuerpo recto","Tiempo"
"Assault bike","Cuerpo Completo","Bicis","Intermedio","Pedalea con brazos y piernas simultáneamente contra resistencia","Tiempo"
"Guillotine press","Pectorales","Barras","Avanzado","Press banca bajando barra a cuello con agarre ancho","Peso"
"Rack pull","Dorsales","Barras","Avanzado","Barra en soporte a media altura, levántala extendiendo caderas","Peso"
"Handstand push-up","Hombros","Peso corporal","Avanzado","Parado de manos contra pared, flexiona codos bajando cabeza al suelo","Repeticiones"
"Cable curl","Bíceps","Cable","Principiante","De pie frente a polea baja, flexiona codos llevando barra a hombros","Peso"
"Lying triceps extension","Tríceps","Mancuernas","Principiante","Acostado, baja mancuerna tras cabeza flexionando codos","Peso"
"Wrist roller machine","Antebrazos","Máquina","Principiante","Gira manivela enrollando peso con flexión de muñecas","Tiempo"
"Bulgarian split squat","Cuádriceps","Mancuernas","Intermedio","Pie trasero en banco, baja rodilla trasera hacia suelo","Peso"
"Seated good morning","Isquiotibiales","Barras","Avanzado","Sentado con barra sobre hombros, flexiona cadera bajando torso","Peso"
"Cable hip abduction","Glúteos","Cable","Principiante","De pie lateral a polea baja, eleva pierna lateralmente contra resistencia","Peso"
"Donkey calf raise","Gemelos","Máquina","Intermedio","Inclinado en soporte, eleva talones con piernas rectas","Peso"
"Cable rope crunch","Abdominales","Cable","Principiante","Arrodillado, tira de cuerda hacia rodillas contrayendo abdomen","Peso"
"Medicine ball slam","Core","Balones medicinales","Principiante","Eleva balón sobre cabeza y golpéalo contra suelo con fuerza","Repeticiones"
"Wall ball shots","Cuerpo Completo","Balones medicinales","Intermedio","Realiza sentadilla y al subir lanza balón a pared","Repeticiones"
"Cable crossover low","Pectorales","Cable","Intermedio","Poleas bajas, cruza brazos hacia arriba frente al cuerpo","Peso"
"Neutral grip pull-up","Dorsales","Peso corporal","Intermedio","Agarre neutral (palmas enfrentadas), eleva cuerpo hasta barbilla sobre barra","Repeticiones"
"Leaning lateral raise","Hombros","Mancuernas","Avanzado","De pie inclinado lateral, levanta mancuerna lateralmente","Peso"
"Concentration curl","Bíceps","Mancuernas","Principiante","Sentado, codo apoyado en muslo interno, flexiona brazo llevando mancuerna a hombro","Peso"
"Bench dip","Tríceps","Bancos","Principiante","Manos en banco trasero, pies apoyados, flexiona codos bajando cadera","Repeticiones"
"Farmers walk on toes","Gemelos","Mancuernas","Intermedio","Camina de puntillas sosteniendo mancuernas pesadas","Distancia"
"Squat thrust","Cuádriceps","Peso corporal","Principiante","De pie, baja a posición de cuclillas, salta pies atrás a plancha y vuelve","Repeticiones"
"Glute bridge march","Glúteos","Peso corporal","Principiante","En puente de glúteos, alterna elevación de piernas rectas","Repeticiones"
"Standing cable crunch","Abdominales","Cable","Intermedio","De pie, tira de cuerda hacia abajo contrayendo abdomen","Peso"
"Ab rollout","Core","Rodillos abdominales","Intermedio","Arrodillado, rueda hacia adelante extendiendo cuerpo y vuelve","Repeticiones"
"Rope climb","Cuerpo Completo","Cuerdas","Avanzado","Sube cuerda usando brazos y piernas coordinadamente","Tiempo"
"Spoto press","Pectorales","Barras","Avanzado","Press banca pausando barra 5cm sobre pecho","Peso"
"Snatch grip deadlift","Dorsales","Barras","Avanzado","Agarre ancho (snatch), levanta barra extendiendo caderas","Peso"
"Push press","Hombros","Barras","Intermedio","Usa impulso de piernas para ayudar a levantar barra sobre cabeza","Peso"
"Cross body hammer curl","Bíceps","Mancuernas","Principiante","De pie, levanta mancuerna hacia hombro contrario con palmas enfrentadas","Peso"
"Close grip push-up","Tríceps","Peso corporal","Principiante","Manos juntas bajo pecho, flexiona codos manteniéndolos pegados","Repeticiones"
"Suitcase carry","Core","Mancuernas","Principiante","Camina sosteniendo mancuerna pesada en una mano, manteniendo torso erguido","Distancia"
"Reverse lunge","Cuádriceps","Mancuernas","Principiante","Da paso atrás, baja rodilla trasera casi al suelo y vuelve","Peso"
"Swiss ball back extension","Isquiotibiales","Fitball","Principiante","Boca abajo sobre fitball, eleva torso contrayendo espalda baja","Repeticiones"
"Quadruped hip extension","Glúteos","Peso corporal","Principiante","En cuadrupedia, extiende cadera elevando rodilla flexionada hacia techo","Repeticiones"
"Toe press","Soleos","Máquina","Principiante","Sentado, presiona con puntas de pies contra resistencia","Peso"
"Bicycle crunch","Abdominales","Peso corporal","Principiante","Acostado, toca codo con rodilla contraria alternando","Repeticiones"
"Side plank with rotation","Core","Peso corporal","Intermedio","En plancha lateral, gira torso pasando brazo bajo cuerpo","Repeticiones"
"Concept2 rower","Dorsales","Remos y Ski-ergs","Principiante","Remo sentado coordinando piernas, espalda y brazos","Tiempo"
"Decline push-up","Pectorales","Peso corporal","Intermedio","Pies elevados, manos en suelo, flexiona codos bajando pecho","Repeticiones"
"Hanging oblique raise","Abdominales","Barras","Intermedio","Colgado, eleva rodillas lateralmente alternando lados","Repeticiones"
"Landmine row","Dorsales","Barras","Intermedio","Barra en esquina, tira de agarre hacia cadera con un brazo","Peso"
"Banded good morning","Isquiotibiales","Bandas elásticas","Intermedio","Bandas bajo pies, flexiona cadera con barra sobre hombros","Peso"
"Cable bicep curl","Cuádriceps","Máquina","Principiante","Sentado, empuja plataforma con pies juntos apuntando hacia adelante","Peso"
