"ID","Grupo Muscular","Ejercicio","Nivel","Equipamiento","Descripción"
"1","Pectorales","Apertura pectoral con banda","Principiante","Banda elástica","Sostener banda a altura del pecho, separar brazos hacia los lados"
"2","Pectorales","Aperturas inclinadas","Intermedio","Mancuernas","Mismo movimiento que aperturas planas pero en banco inclinado"
"3","Pectorales","Aperturas planas con mancuernas","Principiante-Intermedio","Mancuernas","Brazos abiertos, bajar mancuernas en arco hasta sentir estiramiento"
"4","Pectorales","Chest fly TRX","Intermedio","TRX","Inclinado hacia adelante, abrir brazos en cruz"
"5","Pectorales","Cruces con poleas","Intermedio","Cable","De pie entre poleas altas, brazos extendidos, juntar manos adelante del pecho"
"6","Pectorales","Cruces en máquina (pec deck)","Principiante-Intermedio","Máquina","Sentado, brazos en almohadillas, juntar brazos adelante contrayendo pectorales"
"7","Pectorales","Flexiones con banda elástica","Intermedio","Banda elástica","Banda en espalda, añade resistencia a flexiones tradicionales"
"8","Pectorales","Flexiones con palmada","Intermedio","Peso corporal","Flexión explosiva, al subir empujar con fuerza para despegar manos y dar palmada"
"9","Pectorales","Flexiones declinadas","Intermedio-Avanzado","Peso corporal","Pies elevados en banco/caja, flexiones enfocando parte superior del pecho"
"10","Pectorales","Flexiones diamante","Intermedio-Avanzado","Peso corporal","Manos formando diamante, flexiones con énfasis en tríceps y pecho interno"
"11","Pectorales","Flexiones tradicionales","Principiante","Peso corporal","Posición de plancha,  manos ancho de hombros"
"12","Pectorales","Press declinado con barra","Intermedio","Barra","Banco declinado, bajar barra al pecho inferior y empujar"
"13","Pectorales","Press de banca con mancuernas","Principiante-Intermedio","Mancuernas","Igual que con barra pero permite mayor rango de movimiento y trabajo unilateral"
"14","Pectorales","Press de banca plano con barra","Principiante-Intermedio","Barra","Acostado en banco plano, agarre ligeramente más ancho que hombros, bajar barra al pecho y empujar hacia arriba"
"15","Pectorales","Press de pecho con cables","Intermedio","Cable","Con poleas a altura baja, empujar desde posición de estocada hacia adelante y arriba"
"16","Pectorales","Press en máquina","Principiante","Máquina","Sentado en máquina, empujar manijas hacia adelante"
"17","Pectorales","Press inclinado con barra","Intermedio","Barra","En banco inclinado 30-45°, mismo movimiento que press plano"
"18","Pectorales","Press inclinado con mancuernas","Intermedio","Mancuernas","Banco inclinado, mancuernas desde pecho hacia arriba y afuera"
"19","Pectorales","Pullover con mancuerna","Intermedio","Mancuernas","Acostado perpendicular al banco, bajar mancuerna por detrás de cabeza"
"20","Dorsales","Dominadas australianas","Principiante","Barra","Inclinado bajo barra baja, tirar pecho hacia barra manteniendo cuerpo recto"
"21","Dorsales","Dominadas pronas","Intermedio-Avanzado","Barra","Agarre prono más ancho que hombros, tirar cuerpo hasta que el pecho toque la barra"
"22","Dorsales","Dominadas supinas (chin-ups)","Principiante-Intermedio","Barra","Agarre supino (palmas hacia ti), énfasis en bíceps y dorsales"
"23","Dorsales","Jalón al pecho con agarre ancho","Principiante-Intermedio","Cable","Sentado, tirar barra hacia pecho superior contrayendo dorsales"
"24","Dorsales","Jalón con agarre cerrado","Intermedio","Cable","Tirar agarre hacia pecho con codos pegados al cuerpo"
"25","Dorsales","Jalón tras nuca","Intermedio","Cable","Tirar barra por detrás de la cabeza hasta altura de nuca"
"26","Dorsales","Muscle-up","Avanzado","Barra","Dominada + fondo en barras en un movimiento continuo"
"27","Dorsales","Peso muerto","Intermedio-Avanzado","Barra","Desde el suelo, levantar la barra manteniendo espalda recta y empujando caderas hacia adelante"
"28","Dorsales","Pullover en polea alta","Intermedio","Cable","De pie, brazos extendidos, tirar barra desde arriba hacia muslos"
"29","Dorsales","Remo con barra inclinado","Intermedio-Avanzado","Barra","Tronco inclinado ~45°, tirar barra hacia abdomen superior, codos cerca del cuerpo"
"30","Dorsales","Remo con mancuerna a una mano","Principiante-Intermedio","Mancuernas","Apoyando una mano y rodilla en banco, tirar mancuerna hacia cadera, llevando codo hacia atrás"
"31","Dorsales","Remo en T-bar","Intermedio","Barra","Inclinado sobre barra en T, tirar hacia pecho manteniendo codos cerca del cuerpo"
"32","Dorsales","Remo en máquina sentado","Principiante","Máquina","Sentado, tirar manijas hacia abdomen retrayendo escápulas"
"33","Dorsales","Remo en polea baja","Principiante-Intermedio","Cable","Sentado, tirar cable hacia abdomen manteniendo espalda recta"
"34","Espalda","Encogimientos de hombros","Principiante","Barra","Elevar hombros hacia orejas, mantener y bajar controladamente"
"35","Espalda","Face pulls","Principiante-Intermedio","Cable","Polea a altura de la cabeza, tirar de la cuerda hacia la cara separando los extremos"
"36","Espalda","Good mornings","Intermedio","Barra","Barra en hombros, flexionar cadera manteniendo espalda recta"
"37","Espalda","Hiperextensiones","Intermedio","Máquina","En banco romano, flexionar cadera bajando el torso, luego subir contrayendo erectores espinales"
"38","Espalda","Remo invertido","Intermedio","Barra","Suspendido boca arriba bajo una barra, tirar pecho hacia la barra manteniendo el cuerpo recto"
"39","Espalda","Remo con barra agarre supino","Intermedio","Barra","Igual que el remo inclinado, pero con palmas mirando hacia arriba (agarre invertido)"
"40","Espalda","Retracción escapular con banda","Principiante","Banda elástica","Brazos extendidos al frente, juntar escápulas atrás estirando la banda"
"41","Espalda","Superman","Principiante","Peso corporal","Boca abajo, elevar simultáneamente brazos y piernas contrayendo la espalda baja"
"42","Espalda","Bird dog","Principiante","Peso corporal","En posición cuadrúpeda, extender brazo y pierna opuestos manteniendo la espalda neutra"
"43","Hombros","Elevación lateral con banda","Principiante","Banda elástica","Pisar la banda, elevar el brazo lateralmente hasta la altura del hombro"
"44","Hombros","Elevaciones en Y","Intermedio","Mancuernas ligeras","Tronco inclinado hacia adelante, elevar brazos formando una Y con el cuerpo"
"45","Hombros","Elevaciones frontales","Principiante","Mancuernas","Brazos extendidos, elevar el peso al frente hasta la altura de los hombros"
"46","Hombros","Elevaciones laterales","Principiante","Mancuernas","Brazos ligeramente flexionados, elevar mancuernas a los lados hasta la altura de los hombros"
"47","Hombros","Elevaciones laterales con cable","Principiante","Cable","Con polea baja, elevar el brazo lateralmente hasta la altura del hombro"
"48","Hombros","Elevaciones laterales en polea","Intermedio","Cable","Polea baja, elevar el brazo lateralmente hasta la altura del hombro"
"49","Hombros","Elevaciones posteriores con mancuernas","Principiante-Intermedio","Mancuernas","Tronco inclinado hacia adelante, abrir brazos hacia los lados contrayendo deltoides posterior"
"50","Hombros","Flexiones de pino/handstand push-ups","Avanzado","Pared","En posición invertida con pies apoyados en pared, flexionar brazos hasta tocar la cabeza al suelo, luego extender"
"51","Hombros","Press Arnold","Intermedio","Mancuernas","Desde posición de curl martillo frente al rostro, rotar y empujar mancuernas hacia arriba hasta estirar brazos"
"52","Hombros","Press con kettlebell","Intermedio","Kettlebell","Desde posición de rack (kettlebell a la altura del hombro), presionar kettlebell sobre la cabeza"
"53","Hombros","Press cubano","Avanzado","Mancuernas","Combinación de remo vertical (tirón), rotación externa de hombros y press overhead"
"54","Hombros","Press en máquina","Principiante","Máquina","Sentado en máquina de hombros, empujar las manijas hacia arriba hasta extender brazos"
"55","Hombros","Press militar de pie","Intermedio-Avanzado","Barra","De pie, barra apoyada en la parte frontal de hombros, empujar barra hacia arriba extendiendo brazos"
"56","Hombros","Press de hombros con mancuernas","Principiante-Intermedio","Mancuernas","Sentado con respaldo (o de pie), empujar mancuernas desde los hombros hacia arriba hasta estirar brazos"
"57","Hombros","Press tras nuca","Intermedio","Barra","Barra sostenida detrás de la cabeza a la altura de orejas, presionar hacia arriba sin bajar demasiado"
"58","Hombros","Remo vertical","Intermedio","Barra","De pie, tirar barra hacia arriba pegada al cuerpo hasta llegar a la altura del mentón, elevando codos"
"59","Bíceps","Curl 21s","Avanzado","Barra","7 repeticiones de curl parciales (hasta 90°) + 7 repeticiones de 90° a completo + 7 repeticiones completas"
"60","Bíceps","Curl araña","Intermedio","Barra","Apoyar pecho contra un banco inclinado, brazos colgando verticales, flexionar codos llevando barra hacia la cara"
"61","Bíceps","Curl concentrado","Intermedio","Mancuerna","Sentado, apoyar el codo en el muslo interno, flexión lenta y controlada de la mancuerna"
"62","Bíceps","Curl con banda elástica","Principiante","Banda elástica","Pisar la banda, flexionar codos contra la resistencia de la banda"
"63","Bíceps","Curl con barra de pie","Principiante","Barra","De pie, agarre supino, flexionar codos llevando la barra hacia los hombros"
"64","Bíceps","Curl con cable y cuerda","Principiante","Cable","De pie frente a polea baja con cuerda, flexionar codos separando los extremos de la cuerda al final"
"65","Bíceps","Curl concentrado (alternativo)","Intermedio","Mancuerna","(Variante) De pie, inclinar el torso y apoyar el codo contra el muslo por la parte interna, flexionar mancuerna"
"66","Bíceps","Curl en banco Scott (predicador)","Intermedio","Barra","Brazos apoyados sobre el banco Scott (predicador), flexión de codos controlada hasta contraer completamente el bíceps"
"67","Bíceps","Curl en máquina","Principiante","Máquina","Sentado en máquina de curl, flexionar los brazos contra la resistencia controlando el movimiento"
"68","Bíceps","Curl en polea baja","Intermedio","Cable","De pie frente a polea baja, agarre recto o barra Z, flexionar codos manteniendo tensión constante"
"69","Bíceps","Curl inclinado con mancuernas","Intermedio-Avanzado","Mancuernas","Sentado en banco inclinado ~45°, brazos colgando, flexionar codos sin mover la parte superior del brazo"
"70","Bíceps","Curl inverso","Intermedio","Barra","Agarre prono (palmas hacia abajo), flexionar codos trabajando más braquiorradial y antebrazo"
"71","Bíceps","Curl martillo con mancuernas","Principiante-Intermedio","Mancuernas","Agarre neutro (palmas enfrentadas), flexión alterna de codos manteniendo la posición de martillo"
"72","Bíceps","Curl overhead en polea alta","Avanzado","Cable","En poleas altas a los lados, brazos en cruz, flexionar codos llevando las manos hacia la cabeza"
"73","Bíceps","Curl con toalla y kettlebell","Avanzado","Kettlebell","Pasar una toalla por el asa de una kettlebell y sostener los extremos, hacer curl martillo (agarre neutro) tirando de la toalla"
"74","Bíceps","Drag curls","Avanzado","Barra","Hacer curl “arrastrando” la barra cerca del cuerpo, llevando los codos hacia atrás durante la subida"
"75","Bíceps","Zottman curls","Avanzado","Mancuernas","Curl alternando agarre: subir con supinación (palmas arriba), rotar muñecas en la cima, bajar en prono (palmas abajo)"
"76","Tríceps","Extensión de tríceps con banda","Principiante","Banda elástica","Banda anclada arriba, extender codos hacia abajo hasta completar el movimiento"
"77","Tríceps","Extensión de tríceps en banco inclinado","Intermedio","Mancuernas","Acostado en banco inclinado, brazos apuntando al techo, flexionar y extender codos llevando las mancuernas desde detrás de la cabeza hacia arriba"
"78","Tríceps","Extensión de tríceps en polea alta","Principiante","Cable","Codos pegados al cuerpo, extender completamente los brazos manteniendo la parte superior inmóvil"
"79","Tríceps","Extensión de tríceps tras nuca","Intermedio","Mancuerna","De pie o sentado, sujetar el peso por detrás de la cabeza con ambas manos, extender los codos verticalmente"
"80","Tríceps","Extensión en polea con cuerda","Principiante","Cable","Desde polea alta con cuerda, extender brazos hacia abajo y al final separar los extremos de la cuerda"
"81","Tríceps","Fondos en banco","Principiante-Intermedio","Peso corporal","Manos apoyadas en el borde de un banco detrás del cuerpo, piernas extendidas, flexionar codos hacia atrás bajando el cuerpo y extender para subir"
"82","Tríceps","Fondos en máquina","Principiante","Máquina","Ejercicio de fondos en paralelas asistido en máquina (contrapeso ayuda a subir)"
"83","Tríceps","Fondos en paralelas (dips)","Intermedio-Avanzado","Barra","Cuerpo vertical, agarrar barras paralelas, descender flexionando codos hacia atrás y empujar hasta extender brazos"
"84","Tríceps","Flexiones diamante","Intermedio-Avanzado","Peso corporal","Manos formando un diamante bajo el pecho, realizar flexiones enfatizando tríceps"
"85","Tríceps","Korean dips","Avanzado","Barra","Fondos en paralelas con el cuerpo inclinado hacia atrás y piernas hacia adelante (requiere gran flexibilidad de hombros)"
"86","Tríceps","Press JM","Avanzado","Barra","Variación de press de banca cerrado: bajar la barra hacia el cuello desplazando codos ligeramente hacia la cabeza, luego extender"
"87","Tríceps","Press de banca agarre cerrado","Intermedio","Barra","Acostado, agarre más estrecho que hombros, bajar barra al pecho manteniendo codos pegados al cuerpo, extender brazos"
"88","Tríceps","Press francés (skullcrusher)","Intermedio","Barra","Tumbado en banco, brazos perpendiculares al cuerpo, flexionar solo los codos llevando la barra hacia la frente, luego extender"
"89","Tríceps","Tate press","Intermedio","Mancuernas","Tumbado en banco, sostener mancuernas con palmas hacia adentro sobre el pecho, flexionar codos llevando mancuernas hacia los hombros y extender"
"90","Antebrazos","Colgarse de barra (dead hang)","Intermedio","Barra","Colgar del agarre de una barra el máximo tiempo posible (variantes: usando menos dedos, con peso adicional, etc.)"
"91","Antebrazos","Curl de muñeca con barra (flexores)","Principiante","Barra","Antebrazos apoyados en banco con palmas hacia arriba, dejar que la barra ruede hacia los dedos y luego flexionar muñecas elevando la barra"
"92","Antebrazos","Curl de muñeca inverso (extensores)","Principiante","Barra","Antebrazos apoyados con palmas hacia abajo, extender muñecas elevando el dorso de las manos"
"93","Antebrazos","Curl inverso con barra","Principiante","Barra","(Similar a curl de bíceps inverso) Agarre prono, flexionar codos trabajando braquiorradial"
"94","Antebrazos","Curl martillo con cuerda","Intermedio","Cable","Realizar curl martillo usando una cuerda en polea baja, lo que aumenta la activación de antebrazo"
"95","Antebrazos","Farmer's walk (caminata del granjero)","Intermedio","Mancuernas","Caminar sujetando pesas muy pesadas en cada mano, recorriendo la máxima distancia posible"
"96","Antebrazos","Flexión de dedos con barra","Avanzado","Barra","Con la barra en las manos, dejarla rodar hasta la punta de los dedos y luego cerrarlos para levantarla de nuevo (entrenar agarre)"
"97","Antebrazos","Plate pinch (pellizco de discos)","Intermedio-Avanzado","Disco","Tomar dos o más discos juntos pellizcándolos entre los dedos y el pulgar, y sostenerlos el mayor tiempo posible"
"98","Antebrazos","Towel pull-ups","Avanzado","Barra","Colgar dos toallas de una barra y agarrarlas para hacer dominadas, lo que incrementa la dificultad en el agarre"
"99","Antebrazos","Wrist roller (enrollador de muñeca)","Intermedio-Avanzado","Barra","Enrollar una cuerda con peso colgante usando solo el movimiento de las muñecas (flexión y extensión)"
"100","Cuádriceps","Box squats","Intermedio","Barra","Sentadilla hasta sentarse ligeramente en una caja y volver a subir, controlando la posición baja"
"101","Cuádriceps","Prensa de piernas","Principiante","Máquina","Sentado en máquina de prensa, empujar la plataforma con los pies sin bloquear las rodillas al extender"
"102","Cuádriceps","Sentadilla (squat) con pausa","Avanzado","Barra","Sentadilla convencional pero deteniéndose 2-3 segundos en la posición baja antes de subir"
"103","Cuádriceps","Sentadilla búlgara","Intermedio","Mancuernas","Pie trasero apoyado en un banco, descender flexionando la rodilla delantera manteniendo el torso erguido"
"104","Cuádriceps","Sentadilla frontal","Intermedio-Avanzado","Barra","Barra apoyada en la parte frontal de los hombros (agarre cruzado o de fuerza), mantener codos altos, descender en sentadilla manteniendo torso vertical"
"105","Cuádriceps","Sentadilla goblet","Principiante","Kettlebell","Sostener un kettlebell o mancuerna frente al pecho con ambas manos, realizar sentadilla profunda"
"106","Cuádriceps","Sentadilla hack","Intermedio","Máquina","En máquina hack squat, pies al ancho de hombros, descender flexionando rodillas controladamente y empujar de nuevo hacia arriba"
"107","Cuádriceps","Sentadilla sissy","Avanzado","Peso corporal","De pie apoyándose en un soporte, plantar pies y elevar talones, luego flexionar rodillas llevando el cuerpo hacia atrás (cuádriceps en máxima tensión)"
"108","Cuádriceps","Sentadilla trasera (Back squat)","Principiante-Avanzado","Barra","Barra apoyada en la espalda alta (trapecios), descender en sentadilla hasta romper la paralela, subir de forma explosiva"
"109","Cuádriceps","Sentadillas (bodyweight squats)","Principiante","Peso corporal","De pie, descender en sentadilla (muslos al menos paralelos al piso) y volver a subir extendiendo rodillas y caderas"
"110","Cuádriceps","Step up","Principiante-Intermedio","Mancuernas","Subir con un pie a un banco o cajón, empujando a través del talón para elevar el cuerpo, luego bajar controladamente (alternar piernas)"
"111","Cuádriceps","Wall sit","Principiante","Peso corporal","Apoyar la espalda contra la pared en posición de sentadilla (rodillas ~90°) y mantener la posición estática"
"112","Cuádriceps","Zancadas (lunges)","Principiante","Mancuernas","Paso amplio hacia adelante, descender hasta que la rodilla trasera casi toque el suelo, empujar con la pierna delantera para volver a la posición inicial"
"113","Cuádriceps","Zancadas caminando","Intermedio","Mancuernas","Zancadas alternadas avanzando hacia adelante con cada paso"
"114","Isquiotibiales","Curl femoral con banda","Principiante","Banda elástica","Tumbado boca abajo, banda en los tobillos, flexionar rodillas contra la resistencia de la banda"
"115","Isquiotibiales","Curl femoral de pie","Principiante","Máquina","De pie en máquina de curl de pierna, flexionar la rodilla llevando el talón hacia el glúteo (trabajar una pierna a la vez)"
"116","Isquiotibiales","Curl femoral sentado","Principiante","Máquina","Sentado en máquina de curl, iniciar con piernas estiradas y flexionar rodillas llevando los tobillos hacia debajo del asiento"
"117","Isquiotibiales","Curl femoral tumbado","Principiante","Máquina","Tumbado boca abajo en máquina de curl, flexionar rodillas llevando talones hacia los glúteos"
"118","Isquiotibiales","Curl nórdico","Avanzado","Compañero","Arrodillado con tobillos sujetos (por un compañero o aparato), descender el torso controladamente hacia el suelo usando la fuerza de los isquiotibiales"
"119","Isquiotibiales","Glute ham raise","Avanzado","Máquina","En máquina GHR, comenzar con el cuerpo extendido, flexionar rodillas y cadera para subir el torso usando isquiotibiales y glúteos"
"120","Isquiotibiales","Good mornings","Intermedio","Barra","Barra en hombros, flexionar cadera con piernas semi-rígidas (ligeramente flexionadas), sentir el estiramiento en isquiotibiales y volver arriba"
"121","Isquiotibiales","Peso muerto con kettlebell","Principiante","Kettlebell","Con espalda recta, realizar una bisagra de cadera llevando el kettlebell hacia el suelo, luego extender cadera y rodillas para volver arriba"
"122","Isquiotibiales","Peso muerto pierna rígida","Intermedio","Barra","Pies al ancho de caderas, rodillas apenas flexionadas, bajar la barra recorriendo los muslos hasta notar estiramiento en isquiotibiales, subir contrayendo glúteos"
"123","Isquiotibiales","Peso muerto rumano","Intermedio","Barra","Similar al peso muerto regular pero con rodillas ligeramente flexionadas, concentrándose en empujar caderas atrás para estirar isquiotibiales"
"124","Isquiotibiales","Peso muerto sumo","Intermedio-Avanzado","Barra","Postura de pies muy amplia y puntas hacia afuera, agarrar barra con manos entre las rodillas, levantar manteniendo espalda recta"
"125","Isquiotibiales","Peso muerto unilateral","Intermedio","Kettlebell","Equilibrado en una pierna, inclinar el cuerpo hacia adelante levantando la otra pierna atrás, bajar el peso hacia el suelo y subir contrayendo isquiotibiales"
"126","Isquiotibiales","Puente de glúteos con barra","Intermedio","Barra","Apoyando la espalda alta en un banco y pies en el suelo, colocar una barra sobre la pelvis, extender caderas hacia arriba contrayendo isquiotibiales y glúteos"
"127","Isquiotibiales","Peso muerto convencional (Deadlift)","Intermedio-Avanzado","Barra","Postura pies a ancho de caderas, agarrar barra en el suelo, levantar extendiendo rodillas y caderas simultáneamente, manteniendo espalda neutra"
"128","Glúteos","Abducción de cadera de pie","Principiante","Banda elástica","De pie, banda alrededor de los tobillos, elevar una pierna lateralmente lo máximo posible (trabaja glúteos medianos)"
"129","Glúteos","Caminata lateral con banda","Principiante","Banda elástica","Banda alrededor de muslos o tobillos, pasos laterales cortos manteniendo tensión constante en la banda"
"130","Glúteos","Curtsy lunges","Intermedio","Mancuernas","Zancadas cruzadas: dar un paso hacia atrás y al lado (como haciendo reverencia) flexionando rodilla delantera, regresar al inicio"
"131","Glúteos","Frog pumps","Principiante","Peso corporal","Boca arriba, plantas de los pies juntas y cercanas al cuerpo, realizar puentes de glúteos rápidos contrayendo al tope"
"132","Glúteos","Hamstring curl TRX","Intermedio","TRX","Acostado boca arriba con talones en estribos TRX, elevar cadera y flexionar rodillas llevando talones hacia glúteos"
"133","Glúteos","Hiperextensiones (enfocado glúteos)","Intermedio","Máquina","En banco romano, descender y subir contrayendo glúteos (puede sostener peso sobre el pecho para más resistencia)"
"134","Glúteos","Hip thrust","Intermedio","Barra","Espalda alta apoyada en banco, barra sobre la pelvis, empujar con talones elevando la cadera hasta alinear muslos y torso (contraer glúteos arriba)"
"135","Glúteos","Patadas de glúteo","Principiante","Peso corporal","En posición cuadrúpeda, elevar una pierna hacia atrás y arriba manteniendo la rodilla a 90°, concentrando la contracción en el glúteo"
"136","Glúteos","Patadas en máquina","Principiante","Máquina","En máquina de glúteos, empujar la plataforma hacia atrás y arriba con la pierna, contrayendo el glúteo"
"137","Glúteos","Sentadilla búlgara","Intermedio","Mancuernas","Pie trasero elevado en un banco, descender flexionando la rodilla delantera (énfasis en glúteo de pierna delantera)"
"138","Glúteos","Sentadilla sumo","Intermedio","Kettlebell","Con pies muy separados y puntas hacia afuera (posición sumo), sostener peso al frente, realizar sentadilla profunda contrayendo glúteos al subir"
"139","Glúteos","Single leg deadlift con KB","Intermedio","Kettlebell","Peso muerto a una pierna sosteniendo kettlebell (énfasis en equilibrio y trabajo de glúteo e isquiotibiales de la pierna de apoyo)"
"140","Glúteos","Step up con rodilla alta","Intermedio","Mancuernas","Subir a un banco con un pie y al llegar arriba elevar la rodilla contraria lo más alto posible, alternar piernas"
"141","Glúteos","Puente de glúteos (glute bridge)","Principiante","Peso corporal","Boca arriba con rodillas flexionadas y pies en el suelo, elevar caderas apretando glúteos formando línea recta de rodillas a hombros"
"142","Glúteos","Fire hydrants","Principiante","Peso corporal","En cuadrupedia, elevar una pierna flexionada hacia un lado (como un perro levantando la pata) manteniendo 90° de rodilla"
"143","Glúteos","Clamshells","Principiante","Banda elástica","Acostado de lado con rodillas flexionadas y pies juntos, abrir la rodilla superior contra la resistencia de la banda (trabaja abductores de cadera)"
"144","Abductor","Abducción de cadera en máquina","Principiante","Máquina","Sentado en máquina de abducción de cadera, separar muslos abriendo las piernas contra la resistencia"
"145","Abductor","Abducción de cadera de pie (con banda)","Principiante","Banda elástica","(Ver Glúteos: Abducción de cadera de pie) De pie con banda, elevar lateralmente una pierna"
"146","Abductor","Caminata lateral con banda","Principiante","Banda elástica","(Ver Glúteos: Caminata lateral) Pasos laterales con banda en muslos, manteniendo tensión para trabajar glúteos medianos"
"147","Abductor","Clamshells (con banda)","Principiante","Banda elástica","(Ver Glúteos: Clamshells) Apertura de cadera lateral acostado de lado, con banda para mayor resistencia"
"148","Abdominales","Crunch abdominal básico","Principiante","Peso corporal","Tumbado, rodillas flexionadas, elevar el tronco contrayendo abdominales (subir unos 30-40°)"
"149","Abdominales","Crunch con banda","Intermedio","Banda elástica","Banda anclada arriba, acostado tirando de la banda al hacer el crunch para añadir resistencia"
"150","Abdominales","Crunch en polea alta","Intermedio","Cable","De rodillas bajo una polea alta con cuerda, flexionar el tronco llevando la cabeza hacia el suelo (contrayendo abdominales)"
"151","Abdominales","Crunch inverso","Principiante","Peso corporal","Tumbado, manos apoyadas, elevar caderas despegando glúteos del suelo llevando rodillas hacia el pecho"
"152","Abdominales","Crunch oblicuo (bicicleta)","Principiante-Intermedio","Peso corporal","Tumbado, llevar alternativamente el codo derecho a rodilla izquierda y viceversa, en movimiento de pedaleo"
"153","Abdominales","Elevaciones de piernas","Principiante-Intermedio","Peso corporal","Tumbado, elevar piernas extendidas hasta 90° y descender controladamente sin arquear la espalda"
"154","Abdominales","Elevaciones de piernas en suspensión","Avanzado","Barra","Colgado de una barra, elevar rodillas hacia el pecho (o piernas extendidas hasta horizontal o más) sin balancearse"
"155","Abdominales","Flutter kicks","Intermedio","Peso corporal","Tumbado, piernas extendidas ligeramente elevadas, alternar rápidos movimientos cortos de subir/bajar de cada pierna (como pataleo)"
"156","Abdominales","Giros rusos (Russian twists)","Intermedio","Balón medicinal","Sentado con el torso a ~45° y pies elevados, sostener balón y rotar el torso de lado a lado tocando el balón al suelo en cada lado"
"157","Abdominales","Hollow body hold","Intermedio","Peso corporal","Tumbado boca arriba, elevar ligeramente hombros y piernas (estiradas) y mantener posición ahuecando el abdomen"
"158","Abdominales","L-sit","Avanzado","Peso corporal","Apoyado en paralelas o suelo con brazos extendidos, levantar las piernas juntas y estiradas hasta formar una 'L' con el cuerpo, mantener posición"
"159","Abdominales","Leñador (woodchopper) con cable","Intermedio-Avanzado","Cable","De pie lateral a una polea alta, tirar de la cuerda o barra diagonalmente hacia abajo cruzando el cuerpo hasta la altura de la rodilla opuesta (como un hachazo)"
"160","Abdominales","Mountain climbers","Intermedio","Peso corporal","En posición de plancha alta, llevar rodillas alternadamente al pecho de forma rápida, sin levantar las caderas (tipo escalador)"
"161","Abdominales","Plancha frontal (plank)","Principiante-Intermedio","Peso corporal","Apoyado en antebrazos y pies, mantener el cuerpo en línea recta de cabeza a tobillos contrayendo el core"
"162","Abdominales","Plancha lateral","Intermedio","Peso corporal","Apoyado de lado en antebrazo y pies, elevar la cadera formando línea recta, mantener contrayendo oblicuos"
"163","Abdominales","Plancha con elevación de pierna","Intermedio","Peso corporal","En plancha frontal, elevar una pierna recta unos centímetros y mantener, alternar con la otra pierna (manteniendo cadera nivelada)"
"164","Abdominales","Press Pallof","Intermedio","Cable","De pie lateral a una polea con agarre a altura de pecho, brazos extendidos al frente, resistir la rotación que provoca el cable (mantener core firme)"
"165","Abdominales","Rueda abdominal (ab wheel)","Avanzado","Rueda abdominal","De rodillas, agarrar la rueda abdominal y rodarla hacia adelante extendiendo el cuerpo lo más recto posible, luego regresar contrayendo abdomen"
"166","Abdominales","Scissors (tijeras)","Intermedio","Peso corporal","Tumbado, piernas extendidas ligeramente elevadas, cruzarlas alternadamente (movimiento de tijera horizontal)"
"167","Abdominales","Sit-ups","Principiante","Peso corporal","Tumbado con rodillas flexionadas, elevar el torso completamente hasta quedar sentado, luego bajar controlado"
"168","Abdominales","Toes to bar","Avanzado","Barra","Colgado de una barra, elevar las piernas juntas hasta tocar la barra con los pies (flexionando abdomen y caderas)"
"169","Cuello","Extensión de cuello con arnés","Intermedio","Arnés de cabeza","De pie, con arnés para cabeza sujeto a peso (o polea baja), realizar extensiones del cuello hacia atrás"
"170","Cuello","Flexión de cuello con peso","Intermedio","Disco","Tumbado boca arriba en una banca con la cabeza fuera del borde, colocar un disco en la frente y flexionar el cuello elevando la cabeza"
"171","Core","Bear crawl","Intermedio","Peso corporal","En posición cuadrúpeda (manos y pies), avanzar alternando mano y pie opuestos, manteniendo rodillas cerca del suelo y core estable"
"172","Core","Crab walk","Principiante","Peso corporal","Sentado con manos y pies en el suelo (posición de cangrejo), caminar hacia atrás y adelante manteniendo caderas elevadas"
"173","Core","Farmer's carry unilateral","Intermedio","Kettlebell","Caminar llevando un peso pesado en una sola mano a un lado del cuerpo, manteniendo el torso recto (evitar inclinarse)"
"174","Core","Flexión pike TRX","Avanzado","TRX","En posición de plancha con pies en estribos TRX, elevar caderas formando una V invertida (pike), luego volver a plancha"
"175","Core","Loaded carries","Intermedio","Variedad de pesos","Transportar o cargar pesos de diferentes formas (por ejemplo: maleta, sobre el hombro, overhead) para fortalecer core y estabilidad"
"176","Core","Plancha con elevación de rodillas TRX","Intermedio","TRX","En posición de plancha con pies en TRX, llevar rodillas alternadamente hacia el pecho, manteniendo core firme"
"177","Core","Plancha lateral TRX","Avanzado","TRX","Plancha lateral con pies en los estribos TRX, mantener posición trabajando oblicuos"
"178","Core","Rotación con banda","Intermedio","Banda elástica","Banda anclada a la altura del pecho, con brazos extendidos realizar rotación de torso contra la resistencia de la banda"
"179","Core","Wall walk","Intermedio","Pared","Desde posición de flexión, “caminar” con los pies por la pared hacia arriba hasta quedar casi en handstand, luego caminar de regreso abajo – excelente para hombros y core"
"180","Equilibrio","Equilibrio a una pierna","Principiante","Peso corporal","De pie sobre un pie, levantar la otra pierna y mantener el equilibrio el mayor tiempo posible (ejercicio básico de balance)"
"181","Equilibrio","Sentadilla en bosu","Intermedio","Bosu","De pie sobre un bosu, realizar una sentadilla controlada manteniendo la estabilidad (mejora equilibrio y fuerza de piernas)"
"182","Pliométricos","Ball slams","Intermedio","Balón medicinal","Desde posición de pie, levantar un balón medicinal por encima de la cabeza y lanzarlo con fuerza contra el suelo, recogiéndolo al rebote"
"183","Pliométricos","Battle ropes","Intermedio","Cuerda de batalla","Con un extremo de cuerda de batalla en cada mano, mover los brazos de forma explosiva para generar olas en las cuerdas (entrenamiento de potencia y resistencia)"
"184","Pliométricos","Box jumps","Principiante-Intermedio","Caja","Salto explosivo sobre un cajón pliométrico, aterrizando con ambos pies y extendiendo cadera y rodillas al subir"
"185","Pliométricos","Burpee con balón","Avanzado","Balón medicinal","Realizar un burpee sosteniendo un balón medicinal: flexión, recoger balón al saltar pies al frente, y realizar un salto vertical con el balón"
"186","Pliométricos","Burpees","Principiante-Intermedio","Peso corporal","Desde de pie, agacharse a posición de flexión, hacer una flexión de pecho, impulsar pies al frente y saltar vertical con brazos arriba"
"187","Pliométricos","Clean and jerk","Avanzado","Barra","Levantamiento olímpico: desde el suelo llevar la barra hasta los hombros (clean) y luego impulsar sobre la cabeza (jerk) con extensión completa"
"188","Pliométricos","Clapping push-ups (flexiones pliométricas)","Intermedio","Peso corporal","Flexiones explosivas donde las manos se separan del suelo en la subida lo suficiente para dar una palmada antes de aterrizar"
"189","Pliométricos","Double unders","Intermedio","Cuerda","Salto de comba pasando la cuerda dos veces bajo los pies en un solo salto (requiere coordinación y velocidad)"
"190","Pliométricos","Dumbbell snatch","Intermedio","Mancuernas","Desde sentadilla parcial, impulsar una mancuerna desde el suelo hasta posición extendida sobre la cabeza en un solo movimiento explosivo"
"191","Pliométricos","Flexiones con palmada","Intermedio","Peso corporal","Flexión explosiva, al subir empujar con fuerza para despegar las manos y dar una palmada"
"192","Pliométricos","Man maker (con mancuernas)","Avanzado","Mancuernas","Secuencia compleja: desde posición de plancha con mancuernas hacer una flexión, luego remo con cada brazo, recoger pies al frente en sentadilla y realizar clean & press con las mancuernas"
"193","Pliométricos","Man maker con KB","Avanzado","Kettlebell","Variación del Man Maker usando 2 kettlebells en vez de mancuernas (mismo patrón: flexión + remo + clean + press)"
"194","Pliométricos","Salto en profundidad","Avanzado","Caja","Desde encima de un cajón, dejarse caer al suelo y al aterrizar impulsar inmediatamente un salto vertical máximo (entrenamiento de potencia/reactivo)"
"195","Pliométricos","Saltos laterales (skater jumps)","Principiante","Peso corporal","Saltos explosivos de lado a lado, impulsándose con una pierna y aterrizando sobre la pierna opuesta (mejora potencia lateral y equilibrio)"
"196","Pliométricos","Sled push/pull","Intermedio","Trineo con peso","Empujar un trineo cargado (o tirar de él con arnés/cuerda) lo más rápido posible – entrena potencia de piernas y acondicionamiento"
"197","Pliométricos","Thruster","Intermedio","Barra","Combinación de sentadilla frontal y press de hombros: al levantarse de la sentadilla empujar la barra por encima de la cabeza en un solo movimiento fluido"
"198","Pliométricos","Thruster con banda","Avanzado","Banda elástica","Sentadilla con banda seguida de press vertical: realizar una sentadilla pisando una banda elástica y, al subir, extender brazos por encima de la cabeza contra la resistencia de la banda"
"199","Pliométricos","Wall ball (lanzamiento vertical)","Principiante-Intermedio","Balón medicinal","Desde posición de sentadilla profunda, impulsarse hacia arriba lanzando un balón medicinal contra la pared a cierta altura, atrapar al rebote y repetir"
"200","Pliométricos","Zancadas con salto","Intermedio","Peso corporal","Desde una zancada, saltar explosivamente cambiando en el aire la posición de las piernas, aterrizando en una zancada con la pierna contraria al frente"
